"Date","Overall AQI Value","Main Pollutant","Site Name (of Overall AQI)","Site ID (of Overall AQI)","Source (of Overall AQI)","CO","Ozone","PM10","PM25","NO2"
"01/01/2023","57","PM2.5","EISENHOWER PARK","36-059-0005","AQS","8","31",".","57","36"
"01/02/2023","62","PM2.5","HOLTSVILLE","36-103-0009","AQS","10","27",".","62","36"
"01/03/2023","78","PM2.5","QUEENS COLLEGE 2","36-081-0124","AQS","14","20",".","78","66"
"01/04/2023","70","PM2.5","Intermediate School 143","36-061-0115","AQS","13","17",".","70","33"
"01/05/2023","64","PM2.5","Elizabeth Lab","34-039-0004","AQS","11","25",".","64","28"
"01/06/2023","58","PM2.5","Intermediate School 143","36-061-0115","AQS","9","28","8","58","26"
"01/07/2023","53","PM2.5","Intermediate School 143","36-061-0115","AQS","6","28",".","53","22"
"01/08/2023","54","PM2.5","HOLTSVILLE","36-103-0009","AQS","6","30",".","54","32"
"01/09/2023","59","PM2.5","Intermediate School 143","36-061-0115","AQS","6","29",".","59","33"
"01/10/2023","60","PM2.5","Toms River","34-029-2002","AQS","6","28",".","60","32"
"01/11/2023","54","PM2.5","Queens College Near Road","36-081-0125","AQS","8","28",".","54","34"
"01/12/2023","57","PM2.5","Elizabeth Lab","34-039-0004","AQS","11","41","14","57","55"
"01/13/2023","55","PM2.5","Intermediate School 143","36-061-0115","AQS","5","39",".","55","42"
"01/14/2023","49","PM2.5","Intermediate School 143","36-061-0115","AQS","3","31",".","49","10"
"01/15/2023","52","PM2.5","Intermediate School 143","36-061-0115","AQS","5","32",".","52","15"
"01/16/2023","53","PM2.5","Intermediate School 143","36-061-0115","AQS","5","37",".","53","29"
"01/17/2023","59","PM2.5","Intermediate School 143","36-061-0115","AQS","9","33",".","59","52"
"01/18/2023","62","PM2.5","Intermediate School 143","36-061-0115","AQS","8","18","11","62","36"
"01/19/2023","44","PM2.5","Elizabeth Lab","34-039-0004","AQS","13","21",".","44","35"
"01/20/2023","55","PM2.5","Intermediate School 143","36-061-0115","AQS","7","22",".","55","26"
"01/21/2023","47","PM2.5","Queens College Near Road","36-081-0125","AQS","5","27",".","47","16"
"01/22/2023","54","PM2.5","QUEENS COLLEGE 2","36-081-0124","AQS","7","26",".","54","31"
"01/23/2023","53","PM2.5","Intermediate School 143","36-061-0115","AQS","7","29",".","53","28"
"01/24/2023","56","PM2.5","Intermediate School 143","36-061-0115","AQS","5","31","7","56","30"
"01/25/2023","54","PM2.5","Intermediate School 143","36-061-0115","AQS","9","39",".","54","42"
"01/26/2023","47","PM2.5","Intermediate School 143","36-061-0115","AQS","6","33",".","47","21"
"01/27/2023","54","PM2.5","Intermediate School 143","36-061-0115","AQS","8","27",".","54","42"
"01/28/2023","55","PM2.5","Intermediate School 143","36-061-0115","AQS","8","34",".","55","41"
"01/29/2023","57","PM2.5","Intermediate School 143","36-061-0115","AQS","13","36",".","57","42"
"01/30/2023","65","PM2.5","Elizabeth Lab","34-039-0004","AQS","10","27","19","65","43"
"01/31/2023","46","PM2.5","Queens College Near Road","36-081-0125","AQS","9","33",".","46","35"
"02/01/2023","53","PM2.5","Intermediate School 143","36-061-0115","AQS","6","34",".","53","30"
"02/02/2023","59","PM2.5","QUEENS COLLEGE 2","36-081-0124","AQS","9","35",".","59","47"
"02/03/2023","63","PM2.5","Intermediate School 143","36-061-0115","AQS","7","35",".","63","28"
"02/04/2023","53","PM2.5","Intermediate School 143","36-061-0115","AQS","7","31",".","53","25"
"02/05/2023","55","PM2.5","Flemington","34-019-0001","AQS","13","33","18","55","52"
"02/06/2023","68","NO2","Elizabeth Lab","34-039-0004","AQS","18","32",".","64","68"
"02/07/2023","56","PM2.5","QUEENS COLLEGE 2","36-081-0124","AQS","9","33",".","56","37"
"02/08/2023","66","PM2.5","QUEENS COLLEGE 2","36-081-0124","AQS","8","37",".","66","42"
"02/09/2023","77","NO2","IS 52","36-005-0110","AQS","17","43",".","70","77"
"02/10/2023","67","NO2","Elizabeth Lab","34-039-0004","AQS","13","35",".","51","67"
"02/11/2023","43","PM2.5","Intermediate School 143","36-061-0115","AQS","6","35","7","43","42"
"02/12/2023","63","PM2.5","Flemington","34-019-0001","AQS","10","33",".","63","47"
"02/13/2023","47","PM2.5","HOLTSVILLE","36-103-0009","AQS","8","40",".","47","28"
"02/14/2023","67","PM2.5","Intermediate School 143","36-061-0115","AQS","8","41",".","67","49"
"02/15/2023","54","PM2.5","Elizabeth Lab","34-039-0004","AQS","8","48",".","54","49"
"02/16/2023","67","PM2.5","Elizabeth Lab","34-039-0004","AQS","13","37",".","67","56"
"02/17/2023","55","PM2.5","QUEENS COLLEGE 2","36-081-0124","AQS","11","35","11","55","35"
"02/18/2023","44","PM2.5","Intermediate School 143","36-061-0115","AQS","5","36",".","44","29"
"02/19/2023","56","PM2.5","IS 52","36-005-0110","AQS","6","40",".","56","44"
"02/20/2023","56","PM2.5","Intermediate School 143","36-061-0115","AQS","7","41",".","56","51"
"02/21/2023","59","PM2.5","Rutgers University","34-023-0011","AQS","9","36",".","59","44"
"02/22/2023","58","PM2.5","Elizabeth Lab","34-039-0004","AQS","9","34",".","58","47"
"02/23/2023","62","PM2.5","Flemington","34-019-0001","AQS","9","34","14","62","39"
"02/24/2023","51","PM2.5","Intermediate School 143","36-061-0115","AQS","7","36",".","51","28"
"02/25/2023","37","NO2","Elizabeth Lab","34-039-0004","AQS","7","36",".","31","37"
"02/26/2023","74","PM2.5","QUEENS COLLEGE 2","36-081-0124","AQS","10","40",".","74","45"
"02/27/2023","51","PM2.5","Elizabeth Lab","34-039-0004","AQS","6","43",".","51","41"
"02/28/2023","47","NO2","Fort Lee Near Road","34-003-0010","AQS","8","39",".","46","47"
"03/01/2023","56","PM2.5","Flemington","34-019-0001","AQS","9","39","13","56","53"
"03/02/2023","61","PM2.5","PS 314","36-047-0052","AQS","8","41",".","61","49"
"03/03/2023","47","PM2.5","Elizabeth Lab","34-039-0004","AQS","7","40",".","47","47"
"03/04/2023","47","PM2.5","Intermediate School 143","36-061-0115","AQS","6","40",".","47","22"
"03/05/2023","44","Ozone","RIVERHEAD","36-103-0004","AQS","5","44",".","35","24"
"03/06/2023","42","Ozone","Ramapo","34-031-5001","AQS","5","42",".","41","34"
"03/07/2023","50","PM2.5","PS 19","36-061-0128","AQS","3","42","9","50","37"
"03/08/2023","37","Ozone","Chester","34-027-3001","AQS","5","37",".","27","20"
"03/09/2023","40","Ozone","Colliers Mills","34-029-0006","AQS","6","40",".","28","27"
"03/10/2023","58","PM2.5","PS 19","36-061-0128","AQS","9","38",".","58","41"
"03/11/2023","42","PM2.5","Elizabeth Lab","34-039-0004","AQS","7","39",".","42","39"
"03/12/2023","40","Ozone","Rockland County","36-087-0005","AQS","7","40",".","33","21"
"03/13/2023","55","PM2.5","PS 19","36-061-0128","AQS","9","39","9","55","43"
"03/14/2023","43","PM2.5","Intermediate School 143","36-061-0115","AQS","8","38",".","43","20"
"03/15/2023","58","PM2.5","Intermediate School 143","36-061-0115","AQS","5","45",".","58","18"
"03/16/2023","62","NO2","IS 52","36-005-0110","AQS","8","48",".","53","62"
"03/17/2023","70","PM2.5","QUEENS COLLEGE 2","36-081-0124","AQS","10","50",".","70","52"
"03/18/2023","54","PM2.5","Intermediate School 143","36-061-0115","AQS","8","44",".","54","25"
"03/19/2023","41","Ozone","Ramapo","34-031-5001","AQS","5","41","6","32","29"
"03/20/2023","59","PM2.5","Toms River","34-029-2002","AQS","8","43",".","59","57"
"03/21/2023","58","PM2.5","Elizabeth Lab","34-039-0004","AQS","9","49",".","58","58"
"03/22/2023","59","PM2.5","Elizabeth Lab","34-039-0004","AQS","7","48",".","59","55"
"03/23/2023","73","PM2.5","IS 52","36-005-0110","AQS","11","35",".","73","44"
"03/24/2023","52","PM2.5","PS 274","36-047-0118","AQS","9","41",".","52","45"
"03/25/2023","53","PM2.5","Elizabeth Lab","34-039-0004","AQS","8","37","12","53","38"
"03/26/2023","50","NO2","Jersey City","34-017-1002","AQS","8","49",".","44","50"
"03/27/2023","73","NO2","Elizabeth Lab","34-039-0004","AQS","10","48",".","55","73"
"03/28/2023","53","PM2.5","Toms River","34-029-2002","AQS","6","44",".","53","42"
"03/29/2023","48","Ozone","Flemington","34-019-0001","AQS","7","48",".","39","47"
"03/30/2023","52","NO2","Elizabeth Lab","34-039-0004","AQS","6","44",".","38","52"
"03/31/2023","58","PM2.5","Elizabeth Lab","34-039-0004","AQS","10","48","21","58","57"
"04/01/2023","55","PM2.5","QUEENS COLLEGE 2","36-081-0124","AQS","8","48",".","55","39"
"04/02/2023","48","Ozone","Colliers Mills","34-029-0006","AQS","6","48",".","26","22"
"04/03/2023","50","Ozone","Flax Pond","36-103-0044","AQS","8","50",".","38","46"
"04/04/2023","63","PM2.5","Intermediate School 143","36-061-0115","AQS","11","51",".","63","53"
"04/05/2023","61","PM2.5","Rahway","34-039-2003","AQS","9","43",".","61","39"
"04/06/2023","64","PM2.5","PS 314","36-047-0052","AQS","13","42","18","64","49"
"04/07/2023","44","Ozone","Flemington","34-019-0001","AQS","7","44",".","26","20"
"04/08/2023","45","Ozone","Rutgers University","34-023-0011","AQS","9","45",".","33","30"
"04/09/2023","47","Ozone","Colliers Mills","34-029-0006","AQS","8","47",".","41","42"
"04/10/2023","61","Ozone","Chester","34-027-3001","AQS","9","61",".","52","53"
"04/11/2023","77","Ozone","Colliers Mills","34-029-0006","AQS","5","77",".","59","49"
"04/12/2023","93","Ozone","Colliers Mills","34-029-0006","AQS","6","93","31","64","56"
"04/13/2023","119","Ozone","Flax Pond","36-103-0044","AQS","7","119",".","63","58"
"04/14/2023","140","Ozone","MT NINHAM","36-079-0005","AQS","7","140",".","69","68"
"04/15/2023","52","PM2.5","Fort Lee Near Road","34-003-0010","AQS","7","43",".","52","32"
"04/16/2023","63","PM2.5","Rahway","34-039-2003","AQS","7","42",".","63","27"
"04/17/2023","53","PM2.5","Elizabeth Lab","34-039-0004","AQS","6","48",".","53","29"
"04/18/2023","44","Ozone","Colliers Mills","34-029-0006","AQS","6","44","11","36","28"
"04/19/2023","51","Ozone","Colliers Mills","34-029-0006","AQS","11","51",".","42","44"
"04/20/2023","51","PM2.5","Rutgers University","34-023-0011","AQS","11","44",".","51","44"
"04/21/2023","71","Ozone","MILLBROOK","36-027-0007","AQS","8","71",".","61","53"
"04/22/2023","63","PM2.5","PS 314","36-047-0052","AQS","7","51",".","63","24"
"04/23/2023","54","Ozone","HOLTSVILLE","36-103-0009","AQS","8","54",".","34","26"
"04/24/2023","43","Ozone","Rutgers University","34-023-0011","AQS","3","43","6","40","32"
"04/25/2023","47","PM2.5","QUEENS COLLEGE 2","36-081-0124","AQS","6","46",".","47","35"
"04/26/2023","52","PM2.5","Elizabeth Lab","34-039-0004","AQS","9","51",".","52","44"
"04/27/2023","62","PM2.5","Paterson","34-031-0005","AQS","7","48",".","62","43"
"04/28/2023","54","PM2.5","QUEENS COLLEGE 2","36-081-0124","AQS","8","49",".","54","36"
"04/29/2023","44","Ozone","Colliers Mills","34-029-0006","AQS","8","44",".","36","32"
"04/30/2023","45","Ozone","Colliers Mills","34-029-0006","AQS","8","45","5","34","33"
"05/01/2023","42","Ozone","Flax Pond","36-103-0044","AQS","7","42",".","29","22"
"05/02/2023","32","Ozone","MILLBROOK","36-027-0007","AQS","8","32",".","29","31"
"05/03/2023","35","Ozone","RIVERHEAD","36-103-0004","AQS","8","35",".","22","23"
"05/04/2023","39","PM2.5","IS 52","36-005-0110","AQS","9","39",".","39","38"
"05/05/2023","47","PM2.5","Elizabeth Lab","34-039-0004","AQS","13","39",".","47","38"
"05/06/2023","44","NO2","QUEENS COLLEGE 2","36-081-0124","AQS","14","41","11","40","44"
"05/07/2023","51","Ozone","Rutgers University","34-023-0011","AQS","11","51",".","45","30"
"05/08/2023","49","Ozone","Monmouth University","34-025-0005","AQS","11","49",".","43","33"
"05/09/2023","53","PM2.5","Elizabeth Lab","34-039-0004","AQS","10","45",".","53","42"
"05/10/2023","61","Ozone","Colliers Mills","34-029-0006","AQS","6","61",".","52","44"
"05/11/2023","74","Ozone","Flax Pond","36-103-0044","AQS","5","74",".","65","46"
"05/12/2023","105","Ozone","Colliers Mills","34-029-0006","AQS","6","105","31","74","55"
"05/13/2023","74","Ozone","BABYLON","36-103-0002","AQS","6","74",".","70","36"
"05/14/2023","62","PM2.5","Elizabeth Lab","34-039-0004","AQS","5","45",".","62","13"
"05/15/2023","58","Ozone","Colliers Mills","34-029-0006","AQS","6","58",".","56","33"
"05/16/2023","87","Ozone","Monmouth University","34-025-0005","AQS","9","87",".","61","42"
"05/17/2023","55","PM2.5","Jersey City Firehouse","34-017-1003","AQS","9","44",".","55","27"
"05/18/2023","52","PM2.5","PS 19","36-061-0128","AQS","5","45","19","52","35"
"05/19/2023","60","PM2.5","Jersey City Firehouse","34-017-1003","AQS","6","48",".","60","35"
"05/20/2023","41","PM2.5","PS 274","36-047-0118","AQS","14","31",".","41","29"
"05/21/2023","68","PM2.5","PS 19","36-061-0128","AQS","15","44",".","68","33"
"05/22/2023","74","PM2.5","Elizabeth Lab","34-039-0004","AQS","27","46",".","74","32"
"05/23/2023","60","PM2.5","Elizabeth Lab","34-039-0004","AQS","25","41",".","60","34"
"05/24/2023","64","Ozone","Flemington","34-019-0001","AQS","26","64","20","59","42"
"05/25/2023","44","Ozone","Colliers Mills","34-029-0006","AQS","25","44",".","41","29"
"05/26/2023","69","PM2.5","Elizabeth Lab","34-039-0004","AQS","9","48",".","69","32"
"05/27/2023","74","Ozone","Flemington","34-019-0001","AQS","16","74",".","69","35"
"05/28/2023","97","Ozone","Rockland County","36-087-0005","AQS","25","97",".","54","30"
"05/29/2023","65","PM2.5","Elizabeth Lab","34-039-0004","AQS","26","64",".","65","33"
"05/30/2023","67","PM2.5","Queens College Near Road","36-081-0125","AQS","30","44","24","67","25"
"05/31/2023","71","PM2.5","Toms River","34-029-2002","AQS","8","51",".","71","35"
"06/01/2023","133","Ozone","Chester","34-027-3001","AQS","8","133",".","69","39"
"06/02/2023","166","Ozone","Rutgers University","34-023-0011","AQS","9","166",".","71","49"
"06/03/2023","63","PM2.5","Rutgers University","34-023-0011","AQS","8","39",".","63","38"
"06/04/2023","36","Ozone","Flemington","34-019-0001","AQS","6","36",".","32","14"
"06/05/2023","59","PM2.5","Elizabeth Lab","34-039-0004","AQS","7","42","19","59","25"
"06/06/2023","183","PM2.5","QUEENS COLLEGE 2","36-081-0124","AQS","10","77",".","183","41"
"06/07/2023","278","PM2.5","QUEENS COLLEGE 2","36-081-0124","AQS","14","47",".","278","32"
"06/08/2023","191","PM2.5","Toms River","34-029-2002","AQS","13","64","58","191","40"
"06/09/2023","73","PM2.5","Toms River","34-029-2002","AQS","9","44",".","73","25"
"06/10/2023","65","PM2.5","QUEENS COLLEGE 2","36-081-0124","AQS","6","42",".","65","32"
"06/11/2023","112","Ozone","Ramapo","34-031-5001","AQS","9","112","31","100","32"
"06/12/2023","86","PM2.5","QUEENS COLLEGE 2","36-081-0124","AQS","8","64",".","86","28"
"06/13/2023","71","Ozone","Rutgers University","34-023-0011","AQS","7","71",".","59","27"
"06/14/2023","62","PM2.5","IS 45","36-061-0079","AQS","7","48",".","62","36"
"06/15/2023","51","PM2.5","Flemington","34-019-0001","AQS","6","47",".","51","26"
"06/16/2023","74","Ozone","QUEENS COLLEGE 2","36-081-0124","AQS","9","74",".","60","45"
"06/17/2023","92","PM2.5","QUEENS COLLEGE 2","36-081-0124","AQS","8","47","28","92","24"
"06/18/2023","73","PM2.5","QUEENS COLLEGE 2","36-081-0124","AQS","7","48",".","73","44"
"06/19/2023","87","Ozone","Chester","34-027-3001","AQS","8","87",".","58","31"
"06/20/2023","54","PM2.5","Flemington","34-019-0001","AQS","8","44",".","54","30"
"06/21/2023","52","PM2.5","Rahway","34-039-2003","AQS","6","37",".","52","25"
"06/22/2023","33","PM2.5","Elizabeth Lab","34-039-0004","AQS","6","33",".","33","26"
"06/23/2023","51","PM2.5","Paterson","34-031-0005","AQS","8","26","14","51","25"
"06/24/2023","53","PM2.5","QUEENS COLLEGE 2","36-081-0124","AQS","7","36",".","53","29"
"06/25/2023","56","PM2.5","IS 52","36-005-0110","AQS","7","47",".","56","35"
"06/26/2023","60","PM2.5","Elizabeth Lab","34-039-0004","AQS","10","44",".","60","37"
"06/27/2023","61","Ozone","QUEENS COLLEGE 2","36-081-0124","AQS","7","61",".","56","47"
"06/28/2023","63","PM2.5","QUEENS COLLEGE 2","36-081-0124","AQS","13","61",".","63","41"
"06/29/2023","151","PM2.5","Chester","34-027-3001","AQS","16","112","38","151","42"
"06/30/2023","172","Ozone","Flemington","34-019-0001","AQS","14","172",".","161","45"
"07/01/2023","119","Ozone","Flax Pond","36-103-0044","AQS","11","119",".","111","36"
"07/02/2023","82","PM2.5","QUEENS COLLEGE 2","36-081-0124","AQS","10","51",".","82","22"
"07/03/2023","90","Ozone","Rutgers University","34-023-0011","AQS","7","90",".","55","25"
"07/04/2023","165","PM2.5","MASPETH LIBRARY","36-081-0120","AQS","8","48",".","165","41"
"07/05/2023","136","Ozone","Bayonne","34-017-0006","AQS","11","136","48","127","37"
"07/06/2023","105","Ozone","Rockland County","36-087-0005","AQS","8","105",".","64","37"
"07/07/2023","61","PM2.5","Elizabeth Lab","34-039-0004","AQS","7","58",".","61","25"
"07/08/2023","61","PM2.5","Elizabeth Lab","34-039-0004","AQS","7","49",".","61","21"
"07/09/2023","49","PM2.5","Elizabeth Lab","34-039-0004","AQS","8","35",".","49","17"
"07/10/2023","45","Ozone","Colliers Mills","34-029-0006","AQS","6","45",".","37","29"
"07/11/2023","112","Ozone","QUEENS COLLEGE 2","36-081-0124","AQS","6","112","19","58","39"
"07/12/2023","147","Ozone","HOLTSVILLE","36-103-0009","AQS","6","147",".","65","42"
"07/13/2023","90","Ozone","Flemington","34-019-0001","AQS","6","90",".","70","42"
"07/14/2023","120","PM2.5","IS 45","36-061-0079","AQS","9","100",".","120","45"
"07/15/2023","57","PM2.5","Jersey City Firehouse","34-017-1003","AQS","7","54",".","57","40"
"07/16/2023","50","PM2.5","Elizabeth Lab","34-039-0004","AQS","7","26",".","50","27"
"07/17/2023","120","PM2.5","Rutgers University","34-023-0011","AQS","7","101","24","120","28"
"07/18/2023","88","PM2.5","Flemington","34-019-0001","AQS","8","74",".","88","38"
"07/19/2023","99","PM2.5","Elizabeth Lab","34-039-0004","AQS","9","71",".","99","42"
"07/20/2023","101","Ozone","Flemington","34-019-0001","AQS","9","101",".","82","42"
"07/21/2023","80","Ozone","QUEENS COLLEGE 2","36-081-0124","AQS","9","80",".","60","45"
"07/22/2023","62","PM2.5","HOLTSVILLE","36-103-0009","AQS","8","43",".","62","26"
"07/23/2023","71","Ozone","Bayonne","34-017-0006","AQS","9","71","13","53","26"
"07/24/2023","58","PM2.5","Elizabeth Lab","34-039-0004","AQS","9","58",".","58","36"
"07/25/2023","67","Ozone","WHITE PLAINS","36-119-2004","AQS","9","67",".","57","34"
"07/26/2023","122","Ozone","Rutgers University","34-023-0011","AQS","9","122",".","64","33"
"07/27/2023","87","Ozone","QUEENS COLLEGE 2","36-081-0124","AQS","8","87",".","73","31"
"07/28/2023","115","Ozone","BABYLON","36-103-0002","AQS","6","115",".","64","40"
"07/29/2023","97","Ozone","Flax Pond","36-103-0044","AQS","5","97","11","53","19"
"07/30/2023","31","Ozone","Flemington","34-019-0001","AQS","5","31",".","26","25"
"07/31/2023","48","Ozone","RIVERHEAD","36-103-0004","AQS","6","48",".","46","29"
"08/01/2023","43","Ozone","Monmouth University","34-025-0005","AQS","5","43",".","40","27"
"08/02/2023","45","Ozone","FRESHKILLS WEST","36-085-0111","AQS","6","45",".","40","30"
"08/03/2023","48","Ozone","MILLBROOK","36-027-0007","AQS","7","48",".","44","39"
"08/04/2023","62","PM2.5","Elizabeth Lab","34-039-0004","AQS","8","48","18","62","39"
"08/05/2023","100","Ozone","Monmouth University","34-025-0005","AQS","9","100",".","68","32"
"08/06/2023","73","PM2.5","Rutgers University","34-023-0011","AQS","13","64",".","73","31"
"08/07/2023","64","PM2.5","Elizabeth Lab","34-039-0004","AQS","7","48",".","64","38"
"08/08/2023","43","Ozone","RIVERHEAD","36-103-0004","AQS","6","43",".","33","25"
"08/09/2023","57","PM2.5","PS 314","36-047-0052","AQS","5","46",".","57","24"
"08/10/2023","65","PM2.5","Elizabeth Lab","34-039-0004","AQS","11","44","20","65","49"
"08/11/2023","67","Ozone","Colliers Mills","34-029-0006","AQS","11","67",".","63","36"
"08/12/2023","66","PM2.5","Elizabeth Lab","34-039-0004","AQS","9","61",".","66","34"
"08/13/2023","51","Ozone","Flax Pond","36-103-0044","AQS","7","51",".","47","30"
"08/14/2023","53","PM2.5","Elizabeth Lab","34-039-0004","AQS","7","49",".","53","34"
"08/15/2023","54","Ozone","Colliers Mills","34-029-0006","AQS","7","54",".","52","36"
"08/16/2023","54","Ozone","Rutgers University","34-023-0011","AQS","8","54","10","52","41"
"08/17/2023","48","PM2.5","Fort Lee Near Road","34-003-0010","AQS","7","47",".","48","25"
"08/18/2023","48","PM2.5","PS 314","36-047-0052","AQS","6","48",".","48","37"
"08/19/2023","55","PM2.5","PS 314","36-047-0052","AQS","6","39",".","55","16"
"08/20/2023","77","Ozone","QUEENS COLLEGE 2","36-081-0124","AQS","7","77",".","60","30"
"08/21/2023","80","Ozone","Monmouth University","34-025-0005","AQS","7","80",".","71","40"
"08/22/2023","61","Ozone","Colliers Mills","34-029-0006","AQS","7","61","16","56","25"
"08/23/2023","46","PM2.5","Elizabeth Lab","34-039-0004","AQS","14","46",".","46","27"
"08/24/2023","42","PM2.5","Elizabeth Lab","34-039-0004","AQS","11","34",".","42","30"
"08/25/2023","55","PM2.5","JHS 126","36-047-0122","AQS","9","36",".","55","37"
"08/26/2023","55","PM2.5","Fort Lee Near Road","34-003-0010","AQS","10","44",".","55","38"
"08/27/2023","62","PM2.5","Toms River","34-029-2002","AQS","8","46",".","62","23"
"08/28/2023","53","PM2.5","Elizabeth Lab","34-039-0004","AQS","7","33","13","53","26"
"08/29/2023","52","PM2.5","Elizabeth Lab","34-039-0004","AQS","7","39",".","52","23"
"08/30/2023","46","Ozone","QUEENS COLLEGE 2","36-081-0124","AQS","6","46",".","43","23"
"08/31/2023","42","Ozone","Colliers Mills","34-029-0006","AQS","5","42",".","29","19"
"09/01/2023","43","Ozone","Flemington","34-019-0001","AQS","7","43",".","36","21"
"09/02/2023","64","Ozone","Rutgers University","34-023-0011","AQS","7","64",".","46","25"
"09/03/2023","97","Ozone","BABYLON","36-103-0002","AQS","7","97","18","65","26"
"09/04/2023","77","PM2.5","NEWBURGH","36-071-0002","AQS","8","61",".","77","42"
"09/05/2023","140","Ozone","Monmouth University","34-025-0005","AQS","9","140",".","69","46"
"09/06/2023","126","Ozone","Monmouth University","34-025-0005","AQS","8","126",".","70","67"
"09/07/2023","100","Ozone","WHITE PLAINS","36-119-2004","AQS","8","100",".","73","49"
"09/08/2023","63","PM2.5","Toms River","34-029-2002","AQS","8","48",".","63","42"
"09/09/2023","66","PM2.5","Fort Lee Near Road","34-003-0010","AQS","8","44","21","66","33"
"09/10/2023","52","PM2.5","Fort Lee Near Road","34-003-0010","AQS","8","33",".","52","28"
"09/11/2023","52","PM2.5","Elizabeth Lab","34-039-0004","AQS","7","35",".","52","34"
"09/12/2023","50","Ozone","BABYLON","36-103-0002","AQS","6","50",".","49","27"
"09/13/2023","48","PM2.5","Elizabeth Lab","34-039-0004","AQS","6","45",".","48","33"
"09/14/2023","39","Ozone","Colliers Mills","34-029-0006","AQS","6","39",".","33","20"
"09/15/2023","33","Ozone","Colliers Mills","34-029-0006","AQS","5","33","9","31","15"
"09/16/2023","37","PM2.5","JHS 126","36-047-0122","AQS","5","36",".","37","24"
"09/17/2023","52","PM2.5","Rutgers University","34-023-0011","AQS","7","47",".","52","28"
"09/18/2023","52","PM2.5","Elizabeth Lab","34-039-0004","AQS","7","37",".","52","40"
"09/19/2023","48","PM2.5","Rutgers University","34-023-0011","AQS","6","33",".","48","34"
"09/20/2023","49","PM2.5","Fort Lee Near Road","34-003-0010","AQS","7","44",".","49","42"
"09/21/2023","52","PM2.5","Elizabeth Lab","34-039-0004","AQS","7","42","12","52","36"
"09/22/2023","48","PM2.5","Elizabeth Lab","34-039-0004","AQS","7","31",".","48","32"
"09/23/2023","35","Ozone","Colliers Mills","34-029-0006","AQS","5","35",".","31","23"
"09/24/2023","39","Ozone","RIVERHEAD","36-103-0004","AQS","5","39",".","25","22"
"09/25/2023","43","PM2.5","NEWBURGH","36-071-0002","AQS","5","36",".","43","29"
"09/26/2023","61","PM2.5","Rutgers University","34-023-0011","AQS","7","28",".","61","29"
"09/27/2023","57","PM2.5","Elizabeth Lab","34-039-0004","AQS","6","36","10","57","31"
"09/28/2023","57","PM2.5","Fort Lee Near Road","34-003-0010","AQS","6","34",".","57","43"
"09/29/2023","36","PM2.5","Elizabeth Lab","34-039-0004","AQS","6","29",".","36","32"
"09/30/2023","54","PM2.5","EISENHOWER PARK","36-059-0005","AQS","7","30",".","54","27"
"10/01/2023","60","PM2.5","QUEENS COLLEGE 2","36-081-0124","AQS","7","38",".","60","31"
"10/02/2023","61","PM2.5","Fort Lee Near Road","34-003-0010","AQS","7","39",".","61","43"
"10/03/2023","66","PM2.5","Elizabeth Lab","34-039-0004","AQS","8","45","27","66","53"
"10/04/2023","74","Ozone","Chester","34-027-3001","AQS","10","74",".","71","62"
"10/05/2023","60","PM2.5","Fort Lee Near Road","34-003-0010","AQS","7","46",".","60","41"
"10/06/2023","57","PM2.5","Fort Lee Near Road","34-003-0010","AQS","7","30",".","57","25"
"10/07/2023","37","PM2.5","PS 274","36-047-0118","AQS","7","33",".","37","20"
"10/08/2023","29","PM2.5","Elizabeth Lab","34-039-0004","AQS","3","23",".","29","13"
"10/09/2023","51","PM2.5","Fort Lee Near Road","34-003-0010","AQS","5","30","10","51","32"
"10/10/2023","56","PM2.5","Elizabeth Lab","34-039-0004","AQS","7","33",".","56","42"
"10/11/2023","57","PM2.5","Elizabeth Lab","34-039-0004","AQS","13","44",".","57","52"
"10/12/2023","61","PM2.5","PS 274","36-047-0118","AQS","10","44",".","61","51"
"10/13/2023","41","PM2.5","Rutgers University","34-023-0011","AQS","8","23",".","41","29"
"10/14/2023","35","PM2.5","Fort Lee Near Road","34-003-0010","AQS","8","28",".","35","25"
"10/15/2023","24","Ozone","RIVERHEAD","36-103-0004","AQS","5","24","5","23","16"
"10/16/2023","27","PM2.5","Fort Lee Near Road","34-003-0010","AQS","6","24",".","27","27"
"10/17/2023","37","PM2.5","Elizabeth Lab","34-039-0004","AQS","10","22",".","37","26"
"10/18/2023","54","PM2.5","Elizabeth Lab","34-039-0004","AQS","11","26",".","54","39"
"10/19/2023","55","PM2.5","Fort Lee Near Road","34-003-0010","AQS","8","37",".","55","36"
"10/20/2023","40","PM2.5","Fort Lee Near Road","34-003-0010","AQS","8","35",".","40","36"
"10/21/2023","33","PM2.5","Elizabeth Lab","34-039-0004","AQS","8","33","6","33","30"
"10/22/2023","31","Ozone","Bayonne","34-017-0006","AQS","3","31",".","26","10"
"10/23/2023","36","PM2.5","PS 274","36-047-0118","AQS","8","31",".","36","34"
"10/24/2023","52","PM2.5","Elizabeth Lab","34-039-0004","AQS","10","35",".","52","39"
"10/25/2023","59","PM2.5","Fort Lee Near Road","34-003-0010","AQS","7","42",".","59","54"
"10/26/2023","70","NO2","PFIZER LAB SITE","36-005-0133","AQS","8","47",".","67","70"
"10/27/2023","67","PM2.5","Fort Lee Near Road","34-003-0010","AQS","8","42","31","67","57"
"10/28/2023","63","PM2.5","Rutgers University","34-023-0011","AQS","7","41",".","63","34"
"10/29/2023","34","PM2.5","Rutgers University","34-023-0011","AQS","6","20",".","34","19"
"10/30/2023","42","PM2.5","PS 274","36-047-0118","AQS","8","28",".","42","28"
"10/31/2023","31","PM2.5","Fort Lee Near Road","34-003-0010","AQS","6","30",".","31","25"
"11/01/2023","51","PM2.5","Fort Lee Near Road","34-003-0010","AQS","6","31",".","51","26"
"11/02/2023","47","PM2.5","Fort Lee Near Road","34-003-0010","AQS","5","31","7","47","33"
"11/03/2023","58","PM2.5","Fort Lee Near Road","34-003-0010","AQS","7","37",".","58","40"
"11/04/2023","66","PM2.5","Fort Lee Near Road","34-003-0010","AQS","10","37",".","66","50"
"11/05/2023","72","PM2.5","Elizabeth Lab","34-039-0004","AQS","13","43",".","72","46"
"11/06/2023","54","PM2.5","Fort Lee Near Road","34-003-0010","AQS","7","40",".","54","35"
"11/07/2023","67","PM2.5","Fort Lee Near Road","34-003-0010","AQS","8","41",".","67","44"
"11/08/2023","44","PM2.5","PFIZER LAB SITE","36-005-0133","AQS","6","32","6","44","38"
"11/09/2023","58","PM2.5","Fort Lee Near Road","34-003-0010","AQS","15","26",".","58","47"
"11/10/2023","48","PM2.5","Fort Lee Near Road","34-003-0010","AQS","14","30",".","48","35"
"11/11/2023","61","PM2.5","PS 19","36-061-0128","AQS","6","29",".","61","30"
"11/12/2023","48","PM2.5","Rahway","34-039-2003","AQS","8","31",".","48","37"
"11/13/2023","60","PM2.5","Fort Lee Near Road","34-003-0010","AQS","9","28",".","60","41"
"11/14/2023","53","PM2.5","Elizabeth Lab","34-039-0004","AQS","8","29","13","53","35"
"11/15/2023","52","PM2.5","Fort Lee Near Road","34-003-0010","AQS","9","22",".","52","36"
"11/16/2023","68","PM2.5","QUEENS COLLEGE 2","36-081-0124","AQS","10","41",".","68","55"
"11/17/2023","65","PM2.5","Paterson","34-031-0005","AQS","15","37",".","65","50"
"11/18/2023","41","PM2.5","Fort Lee Near Road","34-003-0010","AQS","7","30",".","41","35"
"11/19/2023","57","PM2.5","Rutgers University","34-023-0011","AQS","6","32",".","57","38"
"11/20/2023","41","PM2.5","Rutgers University","34-023-0011","AQS","6","31","7","41","37"
"11/21/2023","44","PM2.5","Elizabeth Lab","34-039-0004","AQS","8","33","7","44","38"
"11/22/2023","44","PM2.5","Rutgers University","34-023-0011","AQS","6","33",".","44","32"
"11/23/2023","41","PM2.5","Rutgers University","34-023-0011","AQS","6","29",".","41","29"
"11/24/2023","53","PM2.5","Rutgers University","34-023-0011","AQS","5","33",".","53","25"
"11/25/2023","52","PM2.5","Fort Lee Near Road","34-003-0010","AQS","8","33",".","52","50"
"11/26/2023","62","PM2.5","Fort Lee Near Road","34-003-0010","AQS","14","35","14","62","50"
"11/27/2023","46","PM2.5","Flemington","34-019-0001","AQS","6","27",".","46","34"
"11/28/2023","48","PM2.5","Flemington","34-019-0001","AQS","3","31",".","48","27"
"11/29/2023","48","PM2.5","Elizabeth Lab","34-039-0004","AQS","7","28",".","48","29"
"11/30/2023","62","PM2.5","Fort Lee Near Road","34-003-0010","AQS","7","31",".","62","40"
"12/01/2023","78","PM2.5","Fort Lee Near Road","34-003-0010","AQS","10","29",".","78","54"
"12/02/2023","87","PM2.5","QUEENS COLLEGE 2","36-081-0124","AQS","13","24","25","87","39"
"12/03/2023","66","PM2.5","Rahway","34-039-2003","AQS","13","29",".","66","32"
"12/04/2023","43","PM2.5","Elizabeth Lab","34-039-0004","AQS","11","25",".","43","34"
"12/05/2023","43","PM2.5","Fort Lee Near Road","34-003-0010","AQS","5","30",".","43","34"
"12/06/2023","41","PM2.5","Fort Lee Near Road","34-003-0010","AQS","6","29",".","41","32"
"12/07/2023","56","PM2.5","Fort Lee Near Road","34-003-0010","AQS","8","30",".","56","36"
"12/08/2023","71","PM2.5","Fort Lee Near Road","34-003-0010","AQS","19","22","20","71","50"
"12/09/2023","80","PM2.5","PS 274","36-047-0118","AQS","17","31",".","80","55"
"12/10/2023","73","PM2.5","Paterson","34-031-0005","AQS","11","39",".","73","45"
"12/11/2023","32","PM2.5","Intermediate School 143","36-061-0115","AQS","6","31",".","32","21"
"12/12/2023","50","PM2.5","Fort Lee Near Road","34-003-0010","AQS","7","29",".","50","40"
"12/13/2023","53","PM2.5","MASPETH LIBRARY","36-081-0120","AQS","7","33",".","53","35"
"12/14/2023","50","PM2.5","Fort Lee Near Road","34-003-0010","AQS","7","34","14","50","35"
"12/15/2023","63","PM2.5","Fort Lee Near Road","34-003-0010","AQS","9","36",".","63","46"
"12/16/2023","60","PM2.5","Elizabeth Lab","34-039-0004","AQS","10","31",".","60","42"
"12/17/2023","57","PM2.5","PS 274","36-047-0118","AQS","8","38",".","57","35"
"12/18/2023","39","Ozone","Flax Pond","36-103-0044","AQS","9","39",".","37","37"
"12/19/2023","42","PM2.5","MASPETH LIBRARY","36-081-0120","AQS","10","31",".","42","26"
"12/20/2023","68","PM2.5","PS 19","36-061-0128","AQS","5","31","7","68","39"
"12/21/2023","51","PM2.5","Fort Lee Near Road","34-003-0010","AQS","7","31",".","51","31"
"12/22/2023","54","PM2.5","Rahway","34-039-2003","AQS","13","28",".","54","53"
"12/23/2023","73","PM2.5","Fort Lee Near Road","34-003-0010","AQS","17","28",".","73","58"
"12/24/2023","81","PM2.5","Fort Lee Near Road","34-003-0010","AQS","13","20",".","81","39"
"12/25/2023","85","PM2.5","PS 274","36-047-0118","AQS","14","31",".","85","37"
"12/26/2023","91","PM2.5","Fort Lee Near Road","34-003-0010","AQS","13","29","26","91","42"
"12/27/2023","74","PM2.5","Fort Lee Near Road","34-003-0010","AQS","11","27",".","74","42"
"12/28/2023","42","NO2","Elizabeth Lab","34-039-0004","AQS","7","28",".","33","42"
"12/29/2023","57","PM2.5","PS 19","36-061-0128","AQS","7","20",".","57","31"
"12/30/2023","52","PM2.5","Intermediate School 143","36-061-0115","AQS","5","28",".","52","20"
"12/31/2023","54","PM2.5","Intermediate School 143","36-061-0115","AQS","5","31",".","54","25"
